product_category_name,year,month,demand,price,previous_orders
agro_industria_e_comercio,2017,1,2,21.99,8.0
agro_industria_e_comercio,2017,2,7,32.12,2.0
agro_industria_e_comercio,2017,3,2,40.995000000000005,7.0
agro_industria_e_comercio,2017,5,4,394.985,2.0
agro_industria_e_comercio,2017,6,1,1390.0,4.0
agro_industria_e_comercio,2017,7,1,1180.0,1.0
agro_industria_e_comercio,2017,8,1,22.0,1.0
agro_industria_e_comercio,2017,9,3,531.9966666666667,1.0
agro_industria_e_comercio,2017,10,5,670.0559999999999,3.0
agro_industria_e_comercio,2017,11,13,660.6915384615385,5.0
agro_industria_e_comercio,2017,12,9,528.9777777777778,13.0
agro_industria_e_comercio,2018,1,15,385.62933333333336,9.0
agro_industria_e_comercio,2018,2,22,312.8545454545455,15.0
agro_industria_e_comercio,2018,3,25,218.86,22.0
agro_industria_e_comercio,2018,4,12,375.05833333333334,25.0
agro_industria_e_comercio,2018,5,8,409.96875,12.0
agro_industria_e_comercio,2018,6,10,351.58000000000004,8.0
agro_industria_e_comercio,2018,7,29,266.2651724137931,10.0
agro_industria_e_comercio,2018,8,14,306.29928571428576,29.0
alimentos,2016,10,1,79.9,12.0
alimentos,2017,1,2,21.41,1.0
alimentos,2017,2,9,79.51444444444445,2.0
alimentos,2017,3,22,111.55318181818183,9.0
alimentos,2017,4,8,61.4125,22.0
alimentos,2017,5,3,129.29999999999998,8.0
alimentos,2017,6,1,149.9,3.0
alimentos,2017,7,7,83.45142857142858,1.0
alimentos,2017,8,8,45.5625,7.0
alimentos,2017,9,13,66.6576923076923,8.0
alimentos,2017,10,12,58.634166666666665,13.0
alimentos,2017,11,11,39.692727272727275,12.0
alimentos,2017,12,12,72.02083333333333,11.0
alimentos,2018,1,19,42.55315789473684,12.0
alimentos,2018,2,31,49.21935483870968,19.0
alimentos,2018,3,34,44.40882352941176,31.0
alimentos,2018,4,36,41.7425,34.0
alimentos,2018,5,37,37.222702702702705,36.0
alimentos,2018,6,24,57.1325,37.0
alimentos,2018,7,59,53.63525423728814,24.0
alimentos,2018,8,104,74.37451923076922,59.0
alimentos_bebidas,2017,3,5,22.16,14.0
alimentos_bebidas,2017,4,2,15.45,5.0
alimentos_bebidas,2017,5,13,26.299230769230768,2.0
alimentos_bebidas,2017,6,2,28.7,13.0
alimentos_bebidas,2017,7,7,22.599999999999998,2.0
alimentos_bebidas,2017,8,12,32.48666666666667,7.0
alimentos_bebidas,2017,9,6,34.315,12.0
alimentos_bebidas,2017,10,15,135.31133333333335,6.0
alimentos_bebidas,2017,11,29,83.08862068965517,15.0
alimentos_bebidas,2017,12,20,53.144000000000005,29.0
alimentos_bebidas,2018,1,10,33.218,20.0
alimentos_bebidas,2018,2,21,48.19619047619047,10.0
alimentos_bebidas,2018,3,17,136.57588235294116,21.0
alimentos_bebidas,2018,4,16,32.463125,17.0
alimentos_bebidas,2018,5,15,54.76533333333334,16.0
alimentos_bebidas,2018,6,9,29.116666666666667,15.0
alimentos_bebidas,2018,7,15,47.849333333333334,9.0
alimentos_bebidas,2018,8,20,50.506,15.0
artes,2017,3,5,44.65,6.0
artes,2017,4,1,119.9,5.0
artes,2017,5,8,870.95625,1.0
artes,2017,6,5,47.44,8.0
artes,2017,7,3,128.91666666666666,5.0
artes,2017,8,4,61.175,3.0
artes,2017,9,3,129.51333333333335,4.0
artes,2017,10,3,116.35000000000001,3.0
artes,2017,11,1,75.0,3.0
artes,2017,12,3,38.416666666666664,1.0
artes,2018,1,19,133.72473684210527,3.0
artes,2018,2,12,95.06,19.0
artes,2018,3,7,65.92857142857143,12.0
artes,2018,4,26,82.31846153846153,7.0
artes,2018,5,35,75.482,26.0
artes,2018,6,28,89.29071428571429,35.0
artes,2018,7,21,87.77142857142856,28.0
artes,2018,8,18,82.29944444444443,21.0
artes_e_artesanato,2017,5,1,21.99,1.0
artes_e_artesanato,2017,7,1,129.9,1.0
artes_e_artesanato,2018,4,1,15.99,1.0
artes_e_artesanato,2018,5,1,89.8,1.0
artes_e_artesanato,2018,7,11,59.50636363636364,1.0
artes_e_artesanato,2018,8,9,100.19555555555556,11.0
artigos_de_festas,2017,7,1,69.9,2.0
artigos_de_festas,2017,9,1,134.9,1.0
artigos_de_festas,2017,10,2,68.9,1.0
artigos_de_festas,2017,11,4,217.6725,2.0
artigos_de_festas,2017,12,2,257.6,4.0
artigos_de_festas,2018,1,2,67.9,2.0
artigos_de_festas,2018,3,5,178.4,2.0
artigos_de_festas,2018,4,1,21.9,5.0
artigos_de_festas,2018,5,3,26.266666666666666,1.0
artigos_de_festas,2018,6,2,42.400000000000006,3.0
artigos_de_festas,2018,7,2,28.75,2.0
artigos_de_festas,2018,8,14,91.80642857142857,2.0
artigos_de_natal,2017,4,1,69.0,7.5
artigos_de_natal,2017,6,3,61.56666666666666,1.0
artigos_de_natal,2017,7,2,32.545,3.0
artigos_de_natal,2017,8,1,58.9,2.0
artigos_de_natal,2017,9,3,65.26666666666667,1.0
artigos_de_natal,2017,10,7,47.121428571428574,3.0
artigos_de_natal,2017,11,21,62.02285714285714,7.0
artigos_de_natal,2017,12,14,33.464285714285715,21.0
artigos_de_natal,2018,1,9,84.05555555555556,14.0
artigos_de_natal,2018,2,17,75.59705882352942,9.0
artigos_de_natal,2018,3,12,71.24583333333334,17.0
artigos_de_natal,2018,4,9,27.97666666666667,12.0
artigos_de_natal,2018,5,6,87.42166666666667,9.0
artigos_de_natal,2018,6,6,45.73500000000001,6.0
artigos_de_natal,2018,7,8,63.695,6.0
artigos_de_natal,2018,8,11,51.306363636363635,8.0
audio,2016,10,2,78.495,17.0
audio,2017,2,5,32.760000000000005,2.0
audio,2017,3,13,81.21307692307693,5.0
audio,2017,4,9,84.71111111111112,13.0
audio,2017,5,17,122.42235294117646,9.0
audio,2017,6,11,151.9090909090909,17.0
audio,2017,7,7,110.24142857142859,11.0
audio,2017,8,7,150.1,7.0
audio,2017,9,10,104.25900000000001,7.0
audio,2017,10,32,73.39,10.0
audio,2017,11,33,105.37121212121212,32.0
audio,2017,12,17,158.05470588235295,33.0
audio,2018,1,25,149.25119999999998,17.0
audio,2018,2,15,188.56599999999997,25.0
audio,2018,3,33,320.33484848484846,15.0
audio,2018,4,30,228.18566666666666,33.0
audio,2018,5,20,134.139,30.0
audio,2018,6,19,95.5678947368421,20.0
audio,2018,7,21,97.51142857142857,19.0
audio,2018,8,24,84.98333333333333,21.0
automotivo,2016,10,11,148.9318181818182,140.0
automotivo,2017,1,31,147.5106451612903,11.0
automotivo,2017,2,82,153.14804878048778,31.0
automotivo,2017,3,81,171.32345679012346,82.0
automotivo,2017,4,84,169.54369047619048,81.0
automotivo,2017,5,113,154.78300884955752,84.0
automotivo,2017,6,108,286.7499074074074,113.0
automotivo,2017,7,108,124.19888888888889,108.0
automotivo,2017,8,135,112.11392592592593,108.0
automotivo,2017,9,97,123.29690721649484,135.0
automotivo,2017,10,140,144.24585714285715,97.0
automotivo,2017,11,250,134.89332000000002,140.0
automotivo,2017,12,250,151.1842,250.0
automotivo,2018,1,254,134.6801181102362,250.0
automotivo,2018,2,309,131.36446601941748,254.0
automotivo,2018,3,329,130.98568389057752,309.0
automotivo,2018,4,343,138.4168804664723,329.0
automotivo,2018,5,301,134.04199335548174,343.0
automotivo,2018,6,273,157.71981684981685,301.0
automotivo,2018,7,333,128.54222222222222,273.0
automotivo,2018,8,359,124.31693593314763,333.0
bebes,2016,10,13,117.71230769230769,139.0
bebes,2017,1,33,187.0930303030303,13.0
bebes,2017,2,33,90.8630303030303,33.0
bebes,2017,3,43,86.35093023255814,33.0
bebes,2017,4,49,78.47857142857143,43.0
bebes,2017,5,104,93.26740384615384,49.0
bebes,2017,6,74,102.56013513513513,104.0
bebes,2017,7,125,124.04816000000001,74.0
bebes,2017,8,128,151.85109375,125.0
bebes,2017,9,168,143.72363095238094,128.0
bebes,2017,10,135,121.45562962962964,168.0
bebes,2017,11,193,110.81880829015543,135.0
bebes,2017,12,139,142.43309352517986,193.0
bebes,2018,1,221,135.4957918552036,139.0
bebes,2018,2,171,149.70783625730994,221.0
bebes,2018,3,217,190.27364055299537,171.0
bebes,2018,4,226,214.17101769911505,217.0
bebes,2018,5,227,146.93581497797356,226.0
bebes,2018,6,211,141.42587677725118,227.0
bebes,2018,7,212,103.21485849056603,211.0
bebes,2018,8,211,102.85075829383885,212.0
bebidas,2017,3,4,112.22,17.5
bebidas,2017,4,2,62.489999999999995,4.0
bebidas,2017,5,1,90.0,2.0
bebidas,2017,6,1,49.99,1.0
bebidas,2017,7,2,111.99000000000001,1.0
bebidas,2017,8,2,59.95,2.0
bebidas,2017,9,7,44.64,2.0
bebidas,2017,10,10,49.898,7.0
bebidas,2017,11,18,37.97833333333333,10.0
bebidas,2017,12,31,66.87548387096774,18.0
bebidas,2018,1,41,48.33487804878049,31.0
bebidas,2018,2,28,65.38071428571429,41.0
bebidas,2018,3,20,45.985,28.0
bebidas,2018,4,29,55.04586206896551,20.0
bebidas,2018,5,34,65.10764705882353,29.0
bebidas,2018,6,30,45.675666666666665,34.0
bebidas,2018,7,17,78.53941176470589,30.0
bebidas,2018,8,25,53.8556,17.0
beleza_saude,2016,9,1,44.99,356.5
beleza_saude,2016,10,45,97.39377777777779,1.0
beleza_saude,2017,1,82,150.94658536585365,45.0
beleza_saude,2017,2,160,139.5496875,82.0
beleza_saude,2017,3,197,129.77634517766498,160.0
beleza_saude,2017,4,179,124.10178770949722,197.0
beleza_saude,2017,5,273,165.64457875457876,179.0
beleza_saude,2017,6,242,128.76495867768594,273.0
beleza_saude,2017,7,281,118.5332028469751,242.0
beleza_saude,2017,8,350,140.34337142857143,281.0
beleza_saude,2017,9,363,134.50561983471076,350.0
beleza_saude,2017,10,337,121.60516320474778,363.0
beleza_saude,2017,11,543,140.28920810313073,337.0
beleza_saude,2017,12,439,135.26995444191346,543.0
beleza_saude,2018,1,583,120.79749571183534,439.0
beleza_saude,2018,2,618,134.87122977346277,583.0
beleza_saude,2018,3,631,136.39229793977813,618.0
beleza_saude,2018,4,642,138.31616822429905,631.0
beleza_saude,2018,5,709,128.03324400564173,642.0
beleza_saude,2018,6,816,127.07045343137256,709.0
beleza_saude,2018,7,729,138.56688614540465,816.0
beleza_saude,2018,8,802,145.8119077306733,729.0
brinquedos,2016,10,25,166.00799999999998,178.0
brinquedos,2017,1,43,111.95558139534884,25.0
brinquedos,2017,2,64,144.71390625,43.0
brinquedos,2017,3,102,121.22127450980392,64.0
brinquedos,2017,4,109,117.75825688073394,102.0
brinquedos,2017,5,199,113.64346733668341,109.0
brinquedos,2017,6,155,98.45387096774193,199.0
brinquedos,2017,7,204,119.51862745098039,155.0
brinquedos,2017,8,178,100.65219101123596,204.0
brinquedos,2017,9,284,107.51545774647887,178.0
brinquedos,2017,10,283,120.05883392226148,284.0
brinquedos,2017,11,468,133.96463675213676,283.0
brinquedos,2017,12,431,130.0318561484919,468.0
brinquedos,2018,1,161,134.00273291925464,431.0
brinquedos,2018,2,138,103.81978260869565,161.0
brinquedos,2018,3,230,100.90217391304348,138.0
brinquedos,2018,4,196,116.75836734693877,230.0
brinquedos,2018,5,215,145.81167441860464,196.0
brinquedos,2018,6,183,110.28852459016393,215.0
brinquedos,2018,7,152,112.02217105263158,183.0
brinquedos,2018,8,159,108.81635220125786,152.0
cama_mesa_banho,2016,10,6,73.22166666666668,515.0
cama_mesa_banho,2017,1,45,82.908,6.0
cama_mesa_banho,2017,2,150,98.50573333333334,45.0
cama_mesa_banho,2017,3,265,90.54437735849058,150.0
cama_mesa_banho,2017,4,249,91.16036144578314,265.0
cama_mesa_banho,2017,5,341,92.70624633431086,249.0
cama_mesa_banho,2017,6,358,94.50807262569832,341.0
cama_mesa_banho,2017,7,545,110.06849541284404,358.0
cama_mesa_banho,2017,8,469,115.02283582089552,545.0
cama_mesa_banho,2017,9,488,100.47776639344262,469.0
cama_mesa_banho,2017,10,494,87.618987854251,488.0
cama_mesa_banho,2017,11,895,92.61802234636872,494.0
cama_mesa_banho,2017,12,515,91.67130097087379,895.0
cama_mesa_banho,2018,1,775,90.28610322580644,515.0
cama_mesa_banho,2018,2,622,90.03546623794212,775.0
cama_mesa_banho,2018,3,723,87.94738589211619,622.0
cama_mesa_banho,2018,4,674,99.44872403560831,723.0
cama_mesa_banho,2018,5,665,98.08403007518797,674.0
cama_mesa_banho,2018,6,710,94.95307042253522,665.0
cama_mesa_banho,2018,7,562,88.37193950177935,710.0
cama_mesa_banho,2018,8,609,93.89873563218391,562.0
casa_conforto,2017,2,3,138.22,19.0
casa_conforto,2017,3,13,163.33846153846156,3.0
casa_conforto,2017,4,16,147.82500000000002,13.0
casa_conforto,2017,5,35,147.97342857142857,16.0
casa_conforto,2017,6,18,169.78833333333333,35.0
casa_conforto,2017,7,36,108.91888888888889,18.0
casa_conforto,2017,8,26,151.55346153846153,36.0
casa_conforto,2017,9,29,144.94724137931036,26.0
casa_conforto,2017,10,26,138.91923076923078,29.0
casa_conforto,2017,11,42,121.08785714285716,26.0
casa_conforto,2017,12,14,161.27142857142857,42.0
casa_conforto,2018,1,18,167.78666666666666,14.0
casa_conforto,2018,2,20,142.6385,18.0
casa_conforto,2018,3,21,120.11333333333334,20.0
casa_conforto,2018,4,15,115.98,21.0
casa_conforto,2018,5,19,132.4157894736842,15.0
casa_conforto,2018,6,16,149.15562500000001,19.0
casa_conforto,2018,7,24,124.34916666666668,16.0
casa_conforto,2018,8,15,143.42533333333333,24.0
casa_conforto_2,2017,1,2,36.4,1.5
casa_conforto_2,2017,3,3,114.29333333333334,2.0
casa_conforto_2,2017,4,1,12.9,3.0
casa_conforto_2,2017,6,1,12.9,1.0
casa_conforto_2,2017,7,1,12.9,1.0
casa_conforto_2,2017,8,2,12.9,1.0
casa_conforto_2,2017,9,1,12.9,2.0
casa_conforto_2,2017,10,3,12.9,1.0
casa_conforto_2,2017,11,3,12.9,3.0
casa_conforto_2,2018,2,2,12.9,3.0
casa_conforto_2,2018,3,1,34.99,2.0
casa_conforto_2,2018,4,1,12.9,1.0
casa_conforto_2,2018,6,1,12.9,1.0
casa_conforto_2,2018,7,2,12.9,1.0
casa_construcao,2017,2,3,169.5666666666667,31.0
casa_construcao,2017,3,5,103.21200000000002,3.0
casa_construcao,2017,4,5,320.538,5.0
casa_construcao,2017,5,6,258.1666666666667,5.0
casa_construcao,2017,6,4,252.375,6.0
casa_construcao,2017,7,1,46.8,4.0
casa_construcao,2017,8,1,124.8,1.0
casa_construcao,2017,9,9,123.92222222222222,1.0
casa_construcao,2017,10,15,265.29200000000003,9.0
casa_construcao,2017,11,33,141.27030303030304,15.0
casa_construcao,2017,12,31,195.6290322580645,33.0
casa_construcao,2018,1,31,156.25129032258064,31.0
casa_construcao,2018,2,32,153.90625,31.0
casa_construcao,2018,3,34,156.54882352941175,32.0
casa_construcao,2018,4,60,145.15633333333335,34.0
casa_construcao,2018,5,64,141.43703125,60.0
casa_construcao,2018,6,62,134.85387096774195,64.0
casa_construcao,2018,7,59,113.4957627118644,62.0
casa_construcao,2018,8,46,146.2504347826087,59.0
cds_dvds_musicais,2017,7,4,45.0,1.5
cds_dvds_musicais,2017,8,2,45.0,4.0
cds_dvds_musicais,2017,10,1,45.0,2.0
cds_dvds_musicais,2017,11,3,65.0,1.0
cds_dvds_musicais,2017,12,1,65.0,3.0
cds_dvds_musicais,2018,4,1,65.0,1.0
cine_foto,2017,2,1,59.0,2.0
cine_foto,2017,4,2,59.0,1.0
cine_foto,2017,5,1,59.0,2.0
cine_foto,2017,6,1,79.0,1.0
cine_foto,2017,9,1,69.0,1.0
cine_foto,2017,10,1,69.0,1.0
cine_foto,2017,11,1,242.0,1.0
cine_foto,2018,1,2,99.99,1.0
cine_foto,2018,2,2,113.995,2.0
cine_foto,2018,3,6,101.97333333333334,2.0
cine_foto,2018,4,5,104.348,6.0
cine_foto,2018,5,17,131.02882352941174,5.0
cine_foto,2018,6,10,40.585,17.0
cine_foto,2018,7,7,168.36285714285714,10.0
cine_foto,2018,8,9,74.37555555555555,7.0
climatizacao,2016,10,5,185.71800000000002,12.0
climatizacao,2017,1,3,171.26666666666665,5.0
climatizacao,2017,2,12,257.94166666666666,3.0
climatizacao,2017,3,16,252.744375,12.0
climatizacao,2017,4,14,170.24500000000003,16.0
climatizacao,2017,5,7,132.53857142857143,14.0
climatizacao,2017,6,9,185.92000000000002,7.0
climatizacao,2017,7,5,279.21999999999997,9.0
climatizacao,2017,8,12,232.0275,5.0
climatizacao,2017,9,8,216.38125,12.0
climatizacao,2017,10,9,191.01777777777775,8.0
climatizacao,2017,11,16,192.414375,9.0
climatizacao,2017,12,3,222.9333333333333,16.0
climatizacao,2018,1,22,151.68454545454546,3.0
climatizacao,2018,2,11,212.15363636363637,22.0
climatizacao,2018,3,24,103.2325,11.0
climatizacao,2018,4,22,140.995,24.0
climatizacao,2018,5,14,133.3,22.0
climatizacao,2018,6,9,269.76666666666665,14.0
climatizacao,2018,7,16,159.92875,9.0
climatizacao,2018,8,17,180.41764705882352,16.0
consoles_games,2016,10,10,388.226,49.0
consoles_games,2017,1,21,275.77190476190475,10.0
consoles_games,2017,2,18,238.5983333333333,21.0
consoles_games,2017,3,49,219.11326530612243,18.0
consoles_games,2017,4,16,233.786875,49.0
consoles_games,2017,5,26,91.53538461538461,16.0
consoles_games,2017,6,28,189.61142857142858,26.0
consoles_games,2017,7,47,120.43106382978723,28.0
consoles_games,2017,8,88,99.9471590909091,47.0
consoles_games,2017,9,61,143.12245901639344,88.0
consoles_games,2017,10,105,99.38161904761904,61.0
consoles_games,2017,11,132,95.2680303030303,105.0
consoles_games,2017,12,89,100.54168539325842,132.0
consoles_games,2018,1,53,154.20905660377358,89.0
consoles_games,2018,2,51,233.32803921568626,53.0
consoles_games,2018,3,55,213.27,51.0
consoles_games,2018,4,44,151.27113636363637,55.0
consoles_games,2018,5,40,112.13325,44.0
consoles_games,2018,6,42,126.28595238095238,40.0
consoles_games,2018,7,49,173.85938775510206,42.0
consoles_games,2018,8,56,77.86946428571427,49.0
construcao_ferramentas_construcao,2017,1,1,310.0,24.0
construcao_ferramentas_construcao,2017,2,3,112.26333333333334,1.0
construcao_ferramentas_construcao,2017,3,4,193.35,3.0
construcao_ferramentas_construcao,2017,5,1,99.99,4.0
construcao_ferramentas_construcao,2017,6,4,54.6825,1.0
construcao_ferramentas_construcao,2017,7,5,89.89,4.0
construcao_ferramentas_construcao,2017,8,6,159.635,5.0
construcao_ferramentas_construcao,2017,9,8,122.4375,6.0
construcao_ferramentas_construcao,2017,10,16,154.28,8.0
construcao_ferramentas_construcao,2017,11,36,162.4788888888889,16.0
construcao_ferramentas_construcao,2017,12,24,238.93125,36.0
construcao_ferramentas_construcao,2018,1,45,195.46844444444443,24.0
construcao_ferramentas_construcao,2018,2,58,144.38258620689655,45.0
construcao_ferramentas_construcao,2018,3,54,173.17925925925925,58.0
construcao_ferramentas_construcao,2018,4,78,147.71705128205127,54.0
construcao_ferramentas_construcao,2018,5,96,189.77687500000002,78.0
construcao_ferramentas_construcao,2018,6,108,207.51962962962963,96.0
construcao_ferramentas_construcao,2018,7,101,137.01247524752475,108.0
construcao_ferramentas_construcao,2018,8,135,157.0697037037037,101.0
construcao_ferramentas_ferramentas,2017,4,1,729.0,5.5
construcao_ferramentas_ferramentas,2017,5,2,401.95,1.0
construcao_ferramentas_ferramentas,2017,9,3,305.63,2.0
construcao_ferramentas_ferramentas,2017,10,5,203.72,3.0
construcao_ferramentas_ferramentas,2017,11,4,59.900000000000006,5.0
construcao_ferramentas_ferramentas,2017,12,6,58.23333333333333,4.0
construcao_ferramentas_ferramentas,2018,1,8,66.5375,6.0
construcao_ferramentas_ferramentas,2018,2,11,117.11818181818181,8.0
construcao_ferramentas_ferramentas,2018,3,8,112.425,11.0
construcao_ferramentas_ferramentas,2018,4,16,80.443125,8.0
construcao_ferramentas_ferramentas,2018,5,5,83.58,16.0
construcao_ferramentas_ferramentas,2018,6,4,131.75,5.0
construcao_ferramentas_ferramentas,2018,7,10,418.32,4.0
construcao_ferramentas_ferramentas,2018,8,14,89.69785714285715,10.0
construcao_ferramentas_iluminacao,2017,7,1,360.0,9.0
construcao_ferramentas_iluminacao,2017,8,2,294.5,1.0
construcao_ferramentas_iluminacao,2017,9,1,229.0,2.0
construcao_ferramentas_iluminacao,2017,10,2,250.0,1.0
construcao_ferramentas_iluminacao,2017,11,9,241.60999999999999,2.0
construcao_ferramentas_iluminacao,2017,12,2,88.0,9.0
construcao_ferramentas_iluminacao,2018,1,6,357.16499999999996,2.0
construcao_ferramentas_iluminacao,2018,2,9,132.54666666666668,6.0
construcao_ferramentas_iluminacao,2018,3,12,208.0666666666667,9.0
construcao_ferramentas_iluminacao,2018,4,38,118.88868421052632,12.0
construcao_ferramentas_iluminacao,2018,5,32,137.7759375,38.0
construcao_ferramentas_iluminacao,2018,6,35,119.15457142857143,32.0
construcao_ferramentas_iluminacao,2018,7,40,162.36925000000002,35.0
construcao_ferramentas_iluminacao,2018,8,58,136.99224137931034,40.0
construcao_ferramentas_jardim,2017,2,1,289.99,9.5
construcao_ferramentas_jardim,2017,4,7,204.32999999999998,1.0
construcao_ferramentas_jardim,2017,5,6,243.90666666666664,7.0
construcao_ferramentas_jardim,2017,6,3,111.59666666666668,6.0
construcao_ferramentas_jardim,2017,7,7,48.394285714285715,3.0
construcao_ferramentas_jardim,2017,8,7,115.75571428571428,7.0
construcao_ferramentas_jardim,2017,9,6,49.583333333333336,7.0
construcao_ferramentas_jardim,2017,10,8,61.4875,6.0
construcao_ferramentas_jardim,2017,11,16,74.05625,8.0
construcao_ferramentas_jardim,2017,12,6,154.8166666666667,16.0
construcao_ferramentas_jardim,2018,1,21,149.85619047619048,6.0
construcao_ferramentas_jardim,2018,2,16,85.940625,21.0
construcao_ferramentas_jardim,2018,3,23,108.57521739130435,16.0
construcao_ferramentas_jardim,2018,4,15,60.400666666666666,23.0
construcao_ferramentas_jardim,2018,5,15,69.65533333333333,15.0
construcao_ferramentas_jardim,2018,6,11,72.67636363636365,15.0
construcao_ferramentas_jardim,2018,7,23,84.08391304347826,11.0
construcao_ferramentas_jardim,2018,8,21,171.15571428571428,23.0
construcao_ferramentas_seguranca,2017,2,1,379.0,9.0
construcao_ferramentas_seguranca,2017,3,2,190.0,1.0
construcao_ferramentas_seguranca,2017,8,1,8.9,2.0
construcao_ferramentas_seguranca,2017,9,4,245.40999999999997,1.0
construcao_ferramentas_seguranca,2017,10,9,138.46444444444444,4.0
construcao_ferramentas_seguranca,2017,11,14,225.26357142857142,9.0
construcao_ferramentas_seguranca,2017,12,7,197.8457142857143,14.0
construcao_ferramentas_seguranca,2018,1,9,224.35666666666668,7.0
construcao_ferramentas_seguranca,2018,2,7,838.1071428571429,9.0
construcao_ferramentas_seguranca,2018,3,13,285.6823076923077,7.0
construcao_ferramentas_seguranca,2018,4,23,124.27217391304349,13.0
construcao_ferramentas_seguranca,2018,5,25,262.31239999999997,23.0
construcao_ferramentas_seguranca,2018,6,16,160.335625,25.0
construcao_ferramentas_seguranca,2018,7,15,125.93,16.0
construcao_ferramentas_seguranca,2018,8,23,163.61391304347825,15.0
cool_stuff,2016,10,8,138.875,197.0
cool_stuff,2017,1,33,205.8151515151515,8.0
cool_stuff,2017,2,69,192.15507246376814,33.0
cool_stuff,2017,3,122,172.74844262295082,69.0
cool_stuff,2017,4,119,181.78386554621846,122.0
cool_stuff,2017,5,240,136.69920833333333,119.0
cool_stuff,2017,6,197,192.66984771573604,240.0
cool_stuff,2017,7,225,164.9549777777778,197.0
cool_stuff,2017,8,247,165.7146153846154,225.0
cool_stuff,2017,9,201,187.23308457711443,247.0
cool_stuff,2017,10,248,175.48524193548388,201.0
cool_stuff,2017,11,291,188.1472852233677,248.0
cool_stuff,2017,12,237,161.15308016877637,291.0
cool_stuff,2018,1,290,134.3355172413793,237.0
cool_stuff,2018,2,183,167.0575956284153,290.0
cool_stuff,2018,3,243,155.94753086419752,183.0
cool_stuff,2018,4,197,176.37675126903554,243.0
cool_stuff,2018,5,170,173.74376470588234,197.0
cool_stuff,2018,6,100,192.63479999999998,170.0
cool_stuff,2018,7,118,234.9293220338983,100.0
cool_stuff,2018,8,120,134.68483333333333,118.0
dvds_blu_ray,2017,1,2,14.9,2.5
dvds_blu_ray,2017,2,1,14.9,2.0
dvds_blu_ray,2017,3,5,374.74,1.0
dvds_blu_ray,2017,4,2,717.45,5.0
dvds_blu_ray,2017,5,4,22.4,2.0
dvds_blu_ray,2017,6,4,31.6725,4.0
dvds_blu_ray,2017,7,4,187.42499999999998,4.0
dvds_blu_ray,2017,8,6,18.9,4.0
dvds_blu_ray,2017,9,2,19.9,6.0
dvds_blu_ray,2017,10,5,38.9,2.0
dvds_blu_ray,2017,11,3,26.596666666666664,5.0
dvds_blu_ray,2017,12,1,119.9,3.0
dvds_blu_ray,2018,1,2,24.9,1.0
dvds_blu_ray,2018,2,1,24.9,2.0
dvds_blu_ray,2018,3,2,24.9,1.0
dvds_blu_ray,2018,4,5,18.5,2.0
dvds_blu_ray,2018,5,6,66.65833333333333,5.0
dvds_blu_ray,2018,6,5,68.578,6.0
dvds_blu_ray,2018,7,1,83.99,5.0
dvds_blu_ray,2018,8,1,8.9,1.0
eletrodomesticos,2017,2,7,105.84285714285714,37.0
eletrodomesticos,2017,3,9,32.144444444444446,7.0
eletrodomesticos,2017,4,9,51.833333333333336,9.0
eletrodomesticos,2017,5,28,68.31392857142858,9.0
eletrodomesticos,2017,6,42,58.91166666666667,28.0
eletrodomesticos,2017,7,37,99.24297297297296,42.0
eletrodomesticos,2017,8,49,93.61326530612246,37.0
eletrodomesticos,2017,9,10,182.019,49.0
eletrodomesticos,2017,10,8,243.88500000000002,10.0
eletrodomesticos,2017,11,25,180.6376,8.0
eletrodomesticos,2017,12,16,83.1875,25.0
eletrodomesticos,2018,1,27,65.96481481481482,16.0
eletrodomesticos,2018,2,48,115.80708333333332,27.0
eletrodomesticos,2018,3,70,141.09414285714286,48.0
eletrodomesticos,2018,4,106,142.6816037735849,70.0
eletrodomesticos,2018,5,63,97.3336507936508,106.0
eletrodomesticos,2018,6,67,88.30402985074626,63.0
eletrodomesticos,2018,7,79,66.97,67.0
eletrodomesticos,2018,8,64,102.64687500000001,79.0
eletrodomesticos_2,2017,1,7,301.52714285714285,11.0
eletrodomesticos_2,2017,2,1,15.99,7.0
eletrodomesticos_2,2017,3,2,250.45,1.0
eletrodomesticos_2,2017,4,2,399.9,2.0
eletrodomesticos_2,2017,5,9,343.6711111111111,2.0
eletrodomesticos_2,2017,6,6,202.31166666666664,9.0
eletrodomesticos_2,2017,7,7,147.71285714285713,6.0
eletrodomesticos_2,2017,8,17,235.56176470588235,7.0
eletrodomesticos_2,2017,9,6,271.3,17.0
eletrodomesticos_2,2017,10,10,280.317,6.0
eletrodomesticos_2,2017,11,13,373.4561538461539,10.0
eletrodomesticos_2,2017,12,8,248.77,13.0
eletrodomesticos_2,2018,1,12,715.85,8.0
eletrodomesticos_2,2018,2,21,428.5157142857143,12.0
eletrodomesticos_2,2018,3,12,470.68333333333334,21.0
eletrodomesticos_2,2018,4,23,901.8126086956521,12.0
eletrodomesticos_2,2018,5,23,627.88,23.0
eletrodomesticos_2,2018,6,18,460.8183333333333,23.0
eletrodomesticos_2,2018,7,22,565.3372727272728,18.0
eletrodomesticos_2,2018,8,15,658.8506666666667,22.0
eletronicos,2016,10,2,653.495,87.0
eletronicos,2017,1,11,56.09090909090909,2.0
eletronicos,2017,2,14,70.575,11.0
eletronicos,2017,3,32,109.734375,14.0
eletronicos,2017,4,47,86.64553191489362,32.0
eletronicos,2017,5,62,104.66387096774193,47.0
eletronicos,2017,6,40,50.703500000000005,62.0
eletronicos,2017,7,87,76.24724137931035,40.0
eletronicos,2017,8,52,47.505192307692305,87.0
eletronicos,2017,9,65,65.69399999999999,52.0
eletronicos,2017,10,56,53.620178571428575,65.0
eletronicos,2017,11,165,54.47121212121212,56.0
eletronicos,2017,12,192,42.08114583333333,165.0
eletronicos,2018,1,327,45.71651376146789,192.0
eletronicos,2018,2,306,44.79346405228758,327.0
eletronicos,2018,3,244,47.50344262295082,306.0
eletronicos,2018,4,204,52.57926470588235,244.0
eletronicos,2018,5,223,73.02161434977579,204.0
eletronicos,2018,6,176,50.54448863636364,223.0
eletronicos,2018,7,145,63.500344827586204,176.0
eletronicos,2018,8,115,92.80547826086956,145.0
eletroportateis,2017,1,6,276.79833333333335,30.5
eletroportateis,2017,2,25,276.948,6.0
eletroportateis,2017,3,31,360.35677419354835,25.0
eletroportateis,2017,4,21,1107.3323809523808,31.0
eletroportateis,2017,5,17,305.9676470588235,21.0
eletroportateis,2017,6,23,421.6873913043478,17.0
eletroportateis,2017,7,33,127.95030303030302,23.0
eletroportateis,2017,8,32,131.16593749999998,33.0
eletroportateis,2017,9,32,336.6446875,32.0
eletroportateis,2017,10,30,211.286,32.0
eletroportateis,2017,11,30,258.981,30.0
eletroportateis,2017,12,29,307.3713793103448,30.0
eletroportateis,2018,1,52,283.0723076923077,29.0
eletroportateis,2018,2,30,170.90533333333332,52.0
eletroportateis,2018,3,36,395.2013888888889,30.0
eletroportateis,2018,4,61,197.92803278688527,36.0
eletroportateis,2018,5,39,243.13179487179485,61.0
eletroportateis,2018,6,44,319.00454545454545,39.0
eletroportateis,2018,7,36,217.17333333333332,44.0
eletroportateis,2018,8,25,270.3624,36.0
esporte_lazer,2016,10,19,175.45473684210526,419.0
esporte_lazer,2017,1,66,125.34636363636365,19.0
esporte_lazer,2017,2,143,107.37160839160839,66.0
esporte_lazer,2017,3,176,145.69795454545454,143.0
esporte_lazer,2017,4,202,117.91584158415841,176.0
esporte_lazer,2017,5,274,123.16302919708029,202.0
esporte_lazer,2017,6,256,124.5041015625,274.0
esporte_lazer,2017,7,343,104.11154518950438,256.0
esporte_lazer,2017,8,389,98.68455012853471,343.0
esporte_lazer,2017,9,419,110.21904534606205,389.0
esporte_lazer,2017,10,433,109.40071593533487,419.0
esporte_lazer,2017,11,560,109.22421428571428,433.0
esporte_lazer,2017,12,454,125.11429515418502,560.0
esporte_lazer,2018,1,598,145.93695652173915,454.0
esporte_lazer,2018,2,589,121.30078098471986,598.0
esporte_lazer,2018,3,685,116.27770802919707,589.0
esporte_lazer,2018,4,545,114.64546788990826,685.0
esporte_lazer,2018,5,457,124.96234135667396,545.0
esporte_lazer,2018,6,384,108.28630208333334,457.0
esporte_lazer,2018,7,424,122.75983490566037,384.0
esporte_lazer,2018,8,442,113.1733257918552,424.0
fashion_bolsas_e_acessorios,2016,10,8,60.425,100.5
fashion_bolsas_e_acessorios,2016,12,1,10.9,8.0
fashion_bolsas_e_acessorios,2017,1,35,47.77057142857143,1.0
fashion_bolsas_e_acessorios,2017,2,39,60.87461538461539,35.0
fashion_bolsas_e_acessorios,2017,3,65,71.04707692307692,39.0
fashion_bolsas_e_acessorios,2017,4,48,65.45645833333333,65.0
fashion_bolsas_e_acessorios,2017,5,110,68.16972727272727,48.0
fashion_bolsas_e_acessorios,2017,6,83,82.30156626506023,110.0
fashion_bolsas_e_acessorios,2017,7,85,60.461176470588235,83.0
fashion_bolsas_e_acessorios,2017,8,98,67.32336734693877,85.0
fashion_bolsas_e_acessorios,2017,9,112,96.15473214285714,98.0
fashion_bolsas_e_acessorios,2017,10,107,72.90897196261682,112.0
fashion_bolsas_e_acessorios,2017,11,197,66.9569035532995,107.0
fashion_bolsas_e_acessorios,2017,12,133,74.8215037593985,197.0
fashion_bolsas_e_acessorios,2018,1,119,64.9379831932773,133.0
fashion_bolsas_e_acessorios,2018,2,106,91.99650943396226,119.0
fashion_bolsas_e_acessorios,2018,3,136,74.66022058823529,106.0
fashion_bolsas_e_acessorios,2018,4,103,85.35893203883495,136.0
fashion_bolsas_e_acessorios,2018,5,109,105.38678899082569,103.0
fashion_bolsas_e_acessorios,2018,6,83,92.32855421686746,109.0
fashion_bolsas_e_acessorios,2018,7,77,80.02428571428571,83.0
fashion_bolsas_e_acessorios,2018,8,125,64.70824,77.0
fashion_calcados,2016,10,1,29.99,12.0
fashion_calcados,2017,1,1,34.9,1.0
fashion_calcados,2017,2,3,35.68333333333333,1.0
fashion_calcados,2017,3,14,108.21428571428571,3.0
fashion_calcados,2017,4,23,66.3695652173913,14.0
fashion_calcados,2017,5,22,75.88818181818182,23.0
fashion_calcados,2017,6,20,67.55999999999999,22.0
fashion_calcados,2017,7,20,71.1505,20.0
fashion_calcados,2017,8,21,69.60904761904762,20.0
fashion_calcados,2017,9,14,84.25714285714287,21.0
fashion_calcados,2017,10,18,103.38444444444445,14.0
fashion_calcados,2017,11,19,89.09473684210526,18.0
fashion_calcados,2017,12,13,84.53846153846153,19.0
fashion_calcados,2018,1,9,74.07777777777778,13.0
fashion_calcados,2018,2,10,100.38,9.0
fashion_calcados,2018,3,12,104.39999999999999,10.0
fashion_calcados,2018,4,11,130.79090909090908,12.0
fashion_calcados,2018,5,10,158.27,11.0
fashion_calcados,2018,6,10,123.05799999999999,10.0
fashion_calcados,2018,7,5,164.038,10.0
fashion_calcados,2018,8,3,157.1,5.0
fashion_esporte,2017,3,1,39.9,1.0
fashion_esporte,2017,4,4,47.44499999999999,1.0
fashion_esporte,2017,5,3,41.61333333333334,4.0
fashion_esporte,2017,6,6,82.58166666666666,3.0
fashion_esporte,2017,7,1,69.9,6.0
fashion_esporte,2017,8,2,132.9,1.0
fashion_esporte,2017,9,2,132.45,2.0
fashion_esporte,2017,10,1,59.9,2.0
fashion_esporte,2017,11,1,59.9,1.0
fashion_esporte,2017,12,1,59.9,1.0
fashion_esporte,2018,1,2,59.9,1.0
fashion_esporte,2018,3,1,89.9,2.0
fashion_esporte,2018,4,1,89.9,1.0
fashion_esporte,2018,8,1,69.9,1.0
fashion_roupa_feminina,2016,10,1,54.9,3.0
fashion_roupa_feminina,2017,1,2,38.65,1.0
fashion_roupa_feminina,2017,2,4,114.45,2.0
fashion_roupa_feminina,2017,3,1,19.9,4.0
fashion_roupa_feminina,2017,4,1,64.9,1.0
fashion_roupa_feminina,2017,5,5,84.48,1.0
fashion_roupa_feminina,2017,6,3,51.6,5.0
fashion_roupa_feminina,2017,7,4,77.67500000000001,3.0
fashion_roupa_feminina,2017,8,4,47.175000000000004,4.0
fashion_roupa_feminina,2017,9,3,100.26666666666667,4.0
fashion_roupa_feminina,2017,11,3,26.626666666666665,3.0
fashion_roupa_feminina,2018,1,3,53.93000000000001,3.0
fashion_roupa_feminina,2018,2,1,29.99,3.0
fashion_roupa_feminina,2018,3,1,29.99,1.0
fashion_roupa_feminina,2018,4,1,34.99,1.0
fashion_roupa_feminina,2018,8,3,43.32333333333333,1.0
fashion_roupa_infanto_juvenil,2017,5,1,110.0,1.0
fashion_roupa_infanto_juvenil,2017,6,1,110.0,1.0
fashion_roupa_infanto_juvenil,2017,8,1,49.9,1.0
fashion_roupa_infanto_juvenil,2017,9,1,89.99,1.0
fashion_roupa_infanto_juvenil,2017,10,1,39.99,1.0
fashion_roupa_infanto_juvenil,2018,3,2,39.99,1.0
fashion_roupa_infanto_juvenil,2018,6,1,89.99,2.0
fashion_roupa_masculina,2016,10,1,24.9,5.5
fashion_roupa_masculina,2017,1,1,126.9,1.0
fashion_roupa_masculina,2017,2,7,91.83571428571429,1.0
fashion_roupa_masculina,2017,3,9,64.53333333333333,7.0
fashion_roupa_masculina,2017,4,7,59.527142857142856,9.0
fashion_roupa_masculina,2017,5,4,152.225,7.0
fashion_roupa_masculina,2017,6,9,60.53222222222222,4.0
fashion_roupa_masculina,2017,7,9,79.99888888888889,9.0
fashion_roupa_masculina,2017,8,14,81.79642857142858,9.0
fashion_roupa_masculina,2017,9,13,68.2923076923077,14.0
fashion_roupa_masculina,2017,10,9,104.86666666666667,13.0
fashion_roupa_masculina,2017,11,12,77.49916666666667,9.0
fashion_roupa_masculina,2017,12,4,112.7225,12.0
fashion_roupa_masculina,2018,1,5,86.14,4.0
fashion_roupa_masculina,2018,2,3,129.36333333333334,5.0
fashion_roupa_masculina,2018,4,1,195.0,3.0
fashion_roupa_masculina,2018,5,1,129.99,1.0
fashion_roupa_masculina,2018,6,6,67.96666666666667,1.0
fashion_roupa_masculina,2018,7,5,41.739999999999995,6.0
fashion_roupa_masculina,2018,8,3,127.23000000000002,5.0
fashion_underwear_e_moda_praia,2017,1,2,68.625,5.5
fashion_underwear_e_moda_praia,2017,2,7,53.14,2.0
fashion_underwear_e_moda_praia,2017,3,6,65.69,7.0
fashion_underwear_e_moda_praia,2017,4,4,24.697499999999998,6.0
fashion_underwear_e_moda_praia,2017,5,6,46.26666666666667,4.0
fashion_underwear_e_moda_praia,2017,6,1,3.9,6.0
fashion_underwear_e_moda_praia,2017,7,3,91.60000000000001,1.0
fashion_underwear_e_moda_praia,2017,8,13,85.46153846153847,3.0
fashion_underwear_e_moda_praia,2017,9,16,96.675,13.0
fashion_underwear_e_moda_praia,2017,10,3,62.6,16.0
fashion_underwear_e_moda_praia,2017,11,10,122.16,3.0
fashion_underwear_e_moda_praia,2017,12,13,90.23846153846154,10.0
fashion_underwear_e_moda_praia,2018,1,8,94.3125,13.0
fashion_underwear_e_moda_praia,2018,2,7,57.042857142857144,8.0
fashion_underwear_e_moda_praia,2018,3,5,57.879999999999995,7.0
fashion_underwear_e_moda_praia,2018,4,6,59.9,5.0
fashion_underwear_e_moda_praia,2018,5,5,40.7,6.0
fashion_underwear_e_moda_praia,2018,6,3,37.9,5.0
fashion_underwear_e_moda_praia,2018,7,2,54.9,3.0
fashion_underwear_e_moda_praia,2018,8,2,109.95,2.0
ferramentas_jardim,2016,10,5,271.976,165.0
ferramentas_jardim,2017,1,40,176.02425,5.0
ferramentas_jardim,2017,2,64,193.75328125,40.0
ferramentas_jardim,2017,3,123,170.36504065040648,64.0
ferramentas_jardim,2017,4,99,183.33585858585857,123.0
ferramentas_jardim,2017,5,125,157.02751999999998,99.0
ferramentas_jardim,2017,6,104,147.09951923076923,125.0
ferramentas_jardim,2017,7,165,112.1819393939394,104.0
ferramentas_jardim,2017,8,204,108.5468137254902,165.0
ferramentas_jardim,2017,9,186,106.63564516129033,204.0
ferramentas_jardim,2017,10,220,96.61227272727272,186.0
ferramentas_jardim,2017,11,448,86.98861607142858,220.0
ferramentas_jardim,2017,12,249,91.49570281124498,448.0
ferramentas_jardim,2018,1,207,122.92328502415458,249.0
ferramentas_jardim,2018,2,243,99.2674074074074,207.0
ferramentas_jardim,2018,3,207,118.32676328502416,243.0
ferramentas_jardim,2018,4,246,133.99276422764228,207.0
ferramentas_jardim,2018,5,237,144.51700421940927,246.0
ferramentas_jardim,2018,6,154,107.39422077922077,237.0
ferramentas_jardim,2018,7,154,156.6105844155844,154.0
ferramentas_jardim,2018,8,127,124.85141732283464,154.0
flores,2017,11,6,31.3,3.0
flores,2017,12,2,41.35,6.0
flores,2018,1,7,27.357142857142858,2.0
flores,2018,2,4,33.620000000000005,7.0
flores,2018,3,3,29.89,4.0
flores,2018,4,3,52.800000000000004,3.0
flores,2018,5,1,16.4,3.0
flores,2018,6,1,54.0,1.0
flores,2018,7,2,23.994999999999997,1.0
fraldas_higiene,2016,10,1,134.9,2.5
fraldas_higiene,2017,12,1,38.0,1.0
fraldas_higiene,2018,1,1,25.0,1.0
fraldas_higiene,2018,2,1,25.0,1.0
fraldas_higiene,2018,3,2,31.5,1.0
fraldas_higiene,2018,4,4,37.25,2.0
fraldas_higiene,2018,5,3,39.0,4.0
fraldas_higiene,2018,6,7,45.857142857142854,3.0
fraldas_higiene,2018,7,4,37.45,7.0
fraldas_higiene,2018,8,3,77.29666666666667,4.0
industria_comercio_e_negocios,2016,10,3,89.90000000000002,7.0
industria_comercio_e_negocios,2017,2,1,119.0,3.0
industria_comercio_e_negocios,2017,3,2,119.0,1.0
industria_comercio_e_negocios,2017,5,2,259.9,2.0
industria_comercio_e_negocios,2017,6,2,138.485,2.0
industria_comercio_e_negocios,2017,7,2,122.97999999999999,2.0
industria_comercio_e_negocios,2017,8,3,318.96666666666664,2.0
industria_comercio_e_negocios,2017,9,2,109.99,3.0
industria_comercio_e_negocios,2017,10,5,451.338,2.0
industria_comercio_e_negocios,2017,11,7,296.3957142857143,5.0
industria_comercio_e_negocios,2017,12,9,203.16666666666666,7.0
industria_comercio_e_negocios,2018,1,16,220.45625,9.0
industria_comercio_e_negocios,2018,2,31,137.3432258064516,16.0
industria_comercio_e_negocios,2018,3,27,101.49814814814815,31.0
industria_comercio_e_negocios,2018,4,50,108.61219999999999,27.0
industria_comercio_e_negocios,2018,5,36,96.91638888888889,50.0
industria_comercio_e_negocios,2018,6,21,107.85238095238095,36.0
industria_comercio_e_negocios,2018,7,13,356.0161538461538,21.0
industria_comercio_e_negocios,2018,8,9,256.63222222222225,13.0
informatica_acessorios,2016,10,21,66.63428571428571,281.0
informatica_acessorios,2017,1,24,135.91333333333333,21.0
informatica_acessorios,2017,2,98,117.6465306122449,24.0
informatica_acessorios,2017,3,150,174.3726,98.0
informatica_acessorios,2017,4,120,162.49608333333333,150.0
informatica_acessorios,2017,5,272,142.02180147058823,120.0
informatica_acessorios,2017,6,233,147.6937339055794,272.0
informatica_acessorios,2017,7,281,115.08903914590748,233.0
informatica_acessorios,2017,8,301,95.76069767441861,281.0
informatica_acessorios,2017,9,218,114.0147247706422,301.0
informatica_acessorios,2017,10,269,135.10691449814126,218.0
informatica_acessorios,2017,11,459,135.7372549019608,269.0
informatica_acessorios,2017,12,255,134.54003921568628,459.0
informatica_acessorios,2018,1,627,115.27279106858053,255.0
informatica_acessorios,2018,2,838,104.93426014319809,627.0
informatica_acessorios,2018,3,654,117.10336391437309,838.0
informatica_acessorios,2018,4,499,109.53406813627255,654.0
informatica_acessorios,2018,5,420,110.1025,499.0
informatica_acessorios,2018,6,363,104.60404958677685,420.0
informatica_acessorios,2018,7,397,99.83153652392947,363.0
informatica_acessorios,2018,8,388,96.26541237113403,397.0
instrumentos_musicais,2017,1,1,339.74,31.0
instrumentos_musicais,2017,2,8,262.7225,1.0
instrumentos_musicais,2017,3,9,182.26999999999998,8.0
instrumentos_musicais,2017,4,16,238.651875,9.0
instrumentos_musicais,2017,5,19,521.291052631579,16.0
instrumentos_musicais,2017,6,19,259.11315789473684,19.0
instrumentos_musicais,2017,7,28,290.8746428571429,19.0
instrumentos_musicais,2017,8,24,296.3979166666667,28.0
instrumentos_musicais,2017,9,24,321.22375,24.0
instrumentos_musicais,2017,10,22,300.8709090909091,24.0
instrumentos_musicais,2017,11,45,361.5048888888889,22.0
instrumentos_musicais,2017,12,41,257.9146341463415,45.0
instrumentos_musicais,2018,1,51,300.58,41.0
instrumentos_musicais,2018,2,39,216.63923076923078,51.0
instrumentos_musicais,2018,3,53,198.51698113207547,39.0
instrumentos_musicais,2018,4,58,330.98810344827587,53.0
instrumentos_musicais,2018,5,59,316.1369491525424,58.0
instrumentos_musicais,2018,6,47,344.21106382978724,59.0
instrumentos_musicais,2018,7,34,250.06029411764703,47.0
instrumentos_musicais,2018,8,39,267.5266666666667,34.0
la_cuisine,2017,4,1,24.0,1.0
la_cuisine,2017,5,1,193.0,1.0
la_cuisine,2017,7,4,117.4975,1.0
la_cuisine,2017,8,2,156.5,4.0
la_cuisine,2017,10,1,137.0,2.0
la_cuisine,2017,11,1,137.0,1.0
la_cuisine,2018,1,1,112.0,1.0
la_cuisine,2018,3,1,389.0,1.0
la_cuisine,2018,4,1,140.0,1.0
livros_importados,2017,2,1,99.0,3.0
livros_importados,2017,4,1,19.99,1.0
livros_importados,2017,6,2,49.5,1.0
livros_importados,2017,8,1,61.0,2.0
livros_importados,2017,9,4,72.5,1.0
livros_importados,2017,11,4,81.0,4.0
livros_importados,2017,12,3,77.0,4.0
livros_importados,2018,1,6,97.16666666666667,3.0
livros_importados,2018,2,3,108.33333333333333,6.0
livros_importados,2018,3,2,91.0,3.0
livros_importados,2018,4,4,79.4975,2.0
livros_importados,2018,5,10,41.092,4.0
livros_importados,2018,6,9,52.01888888888889,10.0
livros_importados,2018,7,8,50.3475,9.0
livros_importados,2018,8,1,749.0,8.0
livros_interesse_geral,2016,10,1,119.5,25.0
livros_interesse_geral,2017,1,2,117.445,1.0
livros_interesse_geral,2017,2,8,96.58875,2.0
livros_interesse_geral,2017,3,20,101.988,8.0
livros_interesse_geral,2017,4,12,76.94833333333334,20.0
livros_interesse_geral,2017,5,19,89.81947368421052,12.0
livros_interesse_geral,2017,6,20,90.509,19.0
livros_interesse_geral,2017,7,13,99.41538461538462,20.0
livros_interesse_geral,2017,8,29,110.85517241379311,13.0
livros_interesse_geral,2017,9,15,64.34266666666666,29.0
livros_interesse_geral,2017,10,8,74.9375,15.0
livros_interesse_geral,2017,11,38,70.13052631578948,8.0
livros_interesse_geral,2017,12,40,57.932500000000005,38.0
livros_interesse_geral,2018,1,45,48.44777777777778,40.0
livros_interesse_geral,2018,2,29,65.95344827586207,45.0
livros_interesse_geral,2018,3,37,42.754864864864864,29.0
livros_interesse_geral,2018,4,47,130.44063829787234,37.0
livros_interesse_geral,2018,5,52,115.57942307692308,47.0
livros_interesse_geral,2018,6,35,82.45857142857142,52.0
livros_interesse_geral,2018,7,25,163.09799999999998,35.0
livros_interesse_geral,2018,8,35,44.138,25.0
livros_tecnicos,2016,10,1,267.0,7.0
livros_tecnicos,2017,2,1,159.0,1.0
livros_tecnicos,2017,3,2,37.5,1.0
livros_tecnicos,2017,4,1,75.0,2.0
livros_tecnicos,2017,5,3,87.33333333333333,1.0
livros_tecnicos,2017,6,2,72.95,3.0
livros_tecnicos,2017,7,2,264.0,2.0
livros_tecnicos,2017,8,9,132.93111111111114,2.0
livros_tecnicos,2017,9,8,125.16875,9.0
livros_tecnicos,2017,10,6,146.66666666666666,8.0
livros_tecnicos,2017,11,6,128.15,6.0
livros_tecnicos,2017,12,4,167.6725,6.0
livros_tecnicos,2018,1,17,69.20882352941176,4.0
livros_tecnicos,2018,2,25,54.3684,17.0
livros_tecnicos,2018,3,17,53.73352941176471,25.0
livros_tecnicos,2018,4,23,50.960869565217386,17.0
livros_tecnicos,2018,5,55,54.501636363636365,23.0
livros_tecnicos,2018,6,26,67.20884615384615,55.0
livros_tecnicos,2018,7,28,75.24321428571429,26.0
livros_tecnicos,2018,8,28,52.099642857142854,28.0
malas_acessorios,2017,1,5,98.5,53.0
malas_acessorios,2017,2,20,78.214,5.0
malas_acessorios,2017,3,36,161.22805555555556,20.0
malas_acessorios,2017,4,47,146.81702127659574,36.0
malas_acessorios,2017,5,66,184.0457575757576,47.0
malas_acessorios,2017,6,60,136.2865,66.0
malas_acessorios,2017,7,74,112.94067567567568,60.0
malas_acessorios,2017,8,60,110.87333333333332,74.0
malas_acessorios,2017,9,41,94.15585365853659,60.0
malas_acessorios,2017,10,54,113.70074074074074,41.0
malas_acessorios,2017,11,66,123.47257575757577,54.0
malas_acessorios,2017,12,46,132.59152173913043,66.0
malas_acessorios,2018,1,124,148.37451612903226,46.0
malas_acessorios,2018,2,46,142.00782608695653,124.0
malas_acessorios,2018,3,53,102.58471698113208,46.0
malas_acessorios,2018,4,55,156.0090909090909,53.0
malas_acessorios,2018,5,45,135.03244444444445,55.0
malas_acessorios,2018,6,36,140.85777777777778,45.0
malas_acessorios,2018,7,53,108.99471698113209,36.0
malas_acessorios,2018,8,64,106.06421875,53.0
market_place,2016,10,8,114.58625,13.0
market_place,2017,1,6,74.50666666666666,8.0
market_place,2017,2,19,73.48631578947368,6.0
market_place,2017,3,17,106.38764705882352,19.0
market_place,2017,4,20,204.509,17.0
market_place,2017,5,21,116.71333333333334,20.0
market_place,2017,6,15,79.74333333333333,21.0
market_place,2017,7,13,121.02923076923076,15.0
market_place,2017,8,23,84.23434782608695,13.0
market_place,2017,9,11,104.29181818181819,23.0
market_place,2017,10,11,92.68545454545455,11.0
market_place,2017,11,11,111.30727272727273,11.0
market_place,2017,12,13,52.565384615384616,11.0
market_place,2018,1,12,52.39333333333334,13.0
market_place,2018,2,20,81.55199999999999,12.0
market_place,2018,3,17,91.10235294117648,20.0
market_place,2018,4,15,41.815333333333335,17.0
market_place,2018,5,13,70.95846153846153,15.0
market_place,2018,6,7,79.49428571428572,13.0
market_place,2018,7,4,46.695,7.0
market_place,2018,8,8,118.65875,4.0
moveis_colchao_e_estofado,2017,4,1,109.4,2.0
moveis_colchao_e_estofado,2017,5,3,198.63,1.0
moveis_colchao_e_estofado,2017,7,1,109.4,3.0
moveis_colchao_e_estofado,2017,8,2,254.695,1.0
moveis_colchao_e_estofado,2017,9,1,86.5,2.0
moveis_colchao_e_estofado,2017,11,2,167.0,1.0
moveis_colchao_e_estofado,2017,12,8,100.4625,2.0
moveis_colchao_e_estofado,2018,1,9,95.61111111111111,8.0
moveis_colchao_e_estofado,2018,2,6,64.89999999999999,9.0
moveis_colchao_e_estofado,2018,3,4,110.0,6.0
moveis_colchao_e_estofado,2018,7,1,129.9,4.0
moveis_cozinha_area_de_servico_jantar_e_jardim,2017,1,1,110.0,10.0
moveis_cozinha_area_de_servico_jantar_e_jardim,2017,2,2,69.95,1.0
moveis_cozinha_area_de_servico_jantar_e_jardim,2017,3,3,37.99333333333333,2.0
moveis_cozinha_area_de_servico_jantar_e_jardim,2017,4,8,120.175,3.0
moveis_cozinha_area_de_servico_jantar_e_jardim,2017,5,9,144.94222222222223,8.0
moveis_cozinha_area_de_servico_jantar_e_jardim,2017,6,4,93.7,9.0
moveis_cozinha_area_de_servico_jantar_e_jardim,2017,7,9,124.95555555555555,4.0
moveis_cozinha_area_de_servico_jantar_e_jardim,2017,8,7,143.74285714285716,9.0
moveis_cozinha_area_de_servico_jantar_e_jardim,2017,9,5,92.81800000000001,7.0
moveis_cozinha_area_de_servico_jantar_e_jardim,2017,10,14,201.18571428571428,5.0
moveis_cozinha_area_de_servico_jantar_e_jardim,2017,11,28,154.44964285714286,14.0
moveis_cozinha_area_de_servico_jantar_e_jardim,2017,12,16,238.27625,28.0
moveis_cozinha_area_de_servico_jantar_e_jardim,2018,1,20,236.675,16.0
moveis_cozinha_area_de_servico_jantar_e_jardim,2018,2,17,245.07411764705884,20.0
moveis_cozinha_area_de_servico_jantar_e_jardim,2018,3,12,236.88833333333332,17.0
moveis_cozinha_area_de_servico_jantar_e_jardim,2018,4,19,163.07736842105263,12.0
moveis_cozinha_area_de_servico_jantar_e_jardim,2018,5,10,169.72899999999998,19.0
moveis_cozinha_area_de_servico_jantar_e_jardim,2018,6,22,121.45136363636365,10.0
moveis_cozinha_area_de_servico_jantar_e_jardim,2018,7,21,179.71190476190475,22.0
moveis_cozinha_area_de_servico_jantar_e_jardim,2018,8,20,97.3735,21.0
moveis_cozinha_area_de_servico_jantar_e_jardim,2018,9,1,145.0,20.0
moveis_decoracao,2016,9,2,36.445,308.5
moveis_decoracao,2016,10,59,92.84050847457627,2.0
moveis_decoracao,2017,1,148,77.6639864864865,59.0
moveis_decoracao,2017,2,235,82.47855319148935,148.0
moveis_decoracao,2017,3,284,75.55644366197183,235.0
moveis_decoracao,2017,4,176,101.46488636363637,284.0
moveis_decoracao,2017,5,253,87.43411067193676,176.0
moveis_decoracao,2017,6,191,75.33664921465969,253.0
moveis_decoracao,2017,7,265,80.21618867924529,191.0
moveis_decoracao,2017,8,349,88.22836676217766,265.0
moveis_decoracao,2017,9,285,94.846,349.0
moveis_decoracao,2017,10,290,83.49151724137931,285.0
moveis_decoracao,2017,11,579,88.0753195164076,290.0
moveis_decoracao,2017,12,327,86.69822629969418,579.0
moveis_decoracao,2018,1,493,98.32068965517242,327.0
moveis_decoracao,2018,2,352,97.33559659090908,493.0
moveis_decoracao,2018,3,455,91.83114285714285,352.0
moveis_decoracao,2018,4,490,102.73887755102041,455.0
moveis_decoracao,2018,5,488,96.9763524590164,490.0
moveis_decoracao,2018,6,334,112.52844311377245,488.0
moveis_decoracao,2018,7,360,112.41269444444444,334.0
moveis_decoracao,2018,8,366,103.59338797814208,360.0
moveis_escritorio,2016,10,6,216.81333333333336,60.0
moveis_escritorio,2017,1,7,151.7357142857143,6.0
moveis_escritorio,2017,2,56,188.1542857142857,7.0
moveis_escritorio,2017,3,60,157.31233333333333,56.0
moveis_escritorio,2017,4,49,167.27367346938775,60.0
moveis_escritorio,2017,5,43,159.74372093023257,49.0
moveis_escritorio,2017,6,45,145.77,43.0
moveis_escritorio,2017,7,98,150.43142857142857,45.0
moveis_escritorio,2017,8,47,172.71787234042552,98.0
moveis_escritorio,2017,9,39,156.46641025641026,47.0
moveis_escritorio,2017,10,70,172.03985714285716,39.0
moveis_escritorio,2017,11,78,182.61320512820512,70.0
moveis_escritorio,2017,12,40,155.964,78.0
moveis_escritorio,2018,1,107,149.11018691588785,40.0
moveis_escritorio,2018,2,74,166.87554054054056,107.0
moveis_escritorio,2018,3,159,160.29327044025158,74.0
moveis_escritorio,2018,4,91,160.76186813186814,159.0
moveis_escritorio,2018,5,84,206.00511904761905,91.0
moveis_escritorio,2018,6,62,176.4674193548387,84.0
moveis_escritorio,2018,7,64,170.57265625,62.0
moveis_escritorio,2018,8,24,237.50833333333333,64.0
moveis_quarto,2017,1,8,9.15,5.0
moveis_quarto,2017,2,1,450.0,8.0
moveis_quarto,2017,4,4,185.9925,1.0
moveis_quarto,2017,5,6,213.83,4.0
moveis_quarto,2017,6,2,154.495,6.0
moveis_quarto,2017,7,5,241.398,2.0
moveis_quarto,2017,8,3,206.0,5.0
moveis_quarto,2017,9,3,158.23333333333335,3.0
moveis_quarto,2017,10,4,298.475,3.0
moveis_quarto,2017,11,3,291.0,4.0
moveis_quarto,2017,12,1,185.0,3.0
moveis_quarto,2018,1,5,182.95999999999998,1.0
moveis_quarto,2018,2,7,152.6142857142857,5.0
moveis_quarto,2018,3,6,178.63333333333333,7.0
moveis_quarto,2018,4,7,184.55714285714288,6.0
moveis_quarto,2018,5,5,278.998,7.0
moveis_quarto,2018,6,8,184.99875,5.0
moveis_quarto,2018,7,7,157.41428571428574,8.0
moveis_quarto,2018,8,10,192.3,7.0
moveis_sala,2017,1,8,129.24,19.0
moveis_sala,2017,2,16,166.60625,8.0
moveis_sala,2017,3,17,152.71823529411765,16.0
moveis_sala,2017,4,11,179.03363636363636,17.0
moveis_sala,2017,5,29,154.60862068965517,11.0
moveis_sala,2017,6,12,116.78249999999998,29.0
moveis_sala,2017,7,27,148.23296296296297,12.0
moveis_sala,2017,8,21,113.25095238095238,27.0
moveis_sala,2017,9,11,115.98818181818183,21.0
moveis_sala,2017,10,13,92.20076923076924,11.0
moveis_sala,2017,11,30,176.20666666666665,13.0
moveis_sala,2017,12,19,117.05842105263159,30.0
moveis_sala,2018,1,22,104.91363636363636,19.0
moveis_sala,2018,2,19,159.62526315789475,22.0
moveis_sala,2018,3,19,185.36157894736843,19.0
moveis_sala,2018,4,26,162.52076923076922,19.0
moveis_sala,2018,5,14,147.2942857142857,26.0
moveis_sala,2018,6,27,126.80481481481482,14.0
moveis_sala,2018,7,50,121.7932,27.0
moveis_sala,2018,8,39,132.56512820512822,50.0
musica,2017,1,2,9.9,2.0
musica,2017,3,1,27.99,2.0
musica,2017,4,2,29.9,1.0
musica,2017,6,4,266.725,2.0
musica,2017,7,1,329.0,4.0
musica,2017,10,1,54.9,1.0
musica,2018,1,1,24.97,1.0
musica,2018,2,2,122.485,1.0
musica,2018,3,2,161.985,2.0
musica,2018,4,5,339.372,2.0
musica,2018,5,5,145.8,5.0
musica,2018,6,3,36.36,5.0
musica,2018,7,3,283.09999999999997,3.0
musica,2018,8,6,82.96833333333333,3.0
papelaria,2017,1,7,143.53142857142856,111.5
papelaria,2017,2,19,123.23157894736842,7.0
papelaria,2017,3,56,105.40392857142857,19.0
papelaria,2017,4,36,127.9538888888889,56.0
papelaria,2017,5,65,92.61661538461539,36.0
papelaria,2017,6,38,91.93605263157895,65.0
papelaria,2017,7,76,90.88223684210527,38.0
papelaria,2017,8,77,81.26376623376623,76.0
papelaria,2017,9,75,78.41893333333333,77.0
papelaria,2017,10,97,87.81319587628865,75.0
papelaria,2017,11,162,100.71666666666667,97.0
papelaria,2017,12,237,105.65147679324895,162.0
papelaria,2018,1,389,104.03421593830333,237.0
papelaria,2018,2,146,79.24397260273973,389.0
papelaria,2018,3,150,84.96113333333334,146.0
papelaria,2018,4,133,83.8333082706767,150.0
papelaria,2018,5,126,100.23492063492064,133.0
papelaria,2018,6,154,81.03850649350649,126.0
papelaria,2018,7,176,93.76073863636363,154.0
papelaria,2018,8,162,93.94611111111111,176.0
pc_gamer,2017,4,2,129.99,1.0
pc_gamer,2017,5,1,129.99,2.0
pc_gamer,2017,6,1,129.99,1.0
pc_gamer,2018,2,1,129.99,1.0
pc_gamer,2018,7,2,229.0,1.0
pc_gamer,2018,8,1,219.0,2.0
pcs,2017,1,1,2199.99,10.0
pcs,2017,2,1,3549.0,1.0
pcs,2017,8,29,1162.0689655172414,1.0
pcs,2017,9,40,1300.7220000000002,29.0
pcs,2017,10,26,1498.3430769230768,40.0
pcs,2017,11,7,1395.4285714285713,26.0
pcs,2017,12,19,716.0,7.0
pcs,2018,1,12,620.8333333333334,19.0
pcs,2018,4,13,967.4553846153847,12.0
pcs,2018,5,7,678.5671428571429,13.0
pcs,2018,6,8,1202.375,7.0
pcs,2018,7,8,1404.875,8.0
pcs,2018,8,10,716.25,8.0
perfumaria,2016,10,30,178.3,167.0
perfumaria,2017,1,30,167.23333333333332,30.0
perfumaria,2017,2,49,163.41591836734693,30.0
perfumaria,2017,3,104,189.36682692307693,49.0
perfumaria,2017,4,102,188.53343137254902,104.0
perfumaria,2017,5,135,140.50266666666667,102.0
perfumaria,2017,6,148,160.77844594594595,135.0
perfumaria,2017,7,120,101.95541666666666,148.0
perfumaria,2017,8,121,102.81892561983472,120.0
perfumaria,2017,9,152,94.53671052631579,121.0
perfumaria,2017,10,183,90.44081967213114,152.0
perfumaria,2017,11,301,104.02441860465116,183.0
perfumaria,2017,12,236,117.27521186440678,301.0
perfumaria,2018,1,219,87.8475799086758,236.0
perfumaria,2018,2,200,97.9992,219.0
perfumaria,2018,3,190,104.43236842105264,200.0
perfumaria,2018,4,167,104.66191616766467,190.0
perfumaria,2018,5,183,130.04010928961748,167.0
perfumaria,2018,6,173,152.16450867052023,183.0
perfumaria,2018,7,188,115.71074468085106,173.0
perfumaria,2018,8,211,113.15066350710902,188.0
pet_shop,2016,10,4,172.42000000000002,80.0
pet_shop,2017,1,15,64.47466666666666,4.0
pet_shop,2017,2,37,97.13702702702703,15.0
pet_shop,2017,3,41,188.56,37.0
pet_shop,2017,4,50,122.85979999999999,41.0
pet_shop,2017,5,68,116.65485294117647,50.0
pet_shop,2017,6,62,83.41403225806452,68.0
pet_shop,2017,7,80,78.966125,62.0
pet_shop,2017,8,82,125.54658536585366,80.0
pet_shop,2017,9,65,117.69584615384615,82.0
pet_shop,2017,10,67,110.06686567164179,65.0
pet_shop,2017,11,88,123.3406818181818,67.0
pet_shop,2017,12,73,96.66068493150685,88.0
pet_shop,2018,1,80,125.82650000000001,73.0
pet_shop,2018,2,90,95.39922222222222,80.0
pet_shop,2018,3,111,115.73774774774775,90.0
pet_shop,2018,4,158,111.47645569620252,111.0
pet_shop,2018,5,128,86.686640625,158.0
pet_shop,2018,6,158,112.8353164556962,128.0
pet_shop,2018,7,140,128.04207142857143,158.0
pet_shop,2018,8,175,133.44434285714286,140.0
portateis_casa_forno_e_cafe,2017,6,1,71.9,5.0
portateis_casa_forno_e_cafe,2017,8,2,54.53,1.0
portateis_casa_forno_e_cafe,2017,9,1,640.99,2.0
portateis_casa_forno_e_cafe,2018,1,1,369.99,1.0
portateis_casa_forno_e_cafe,2018,2,5,604.98,1.0
portateis_casa_forno_e_cafe,2018,3,7,1127.2714285714285,5.0
portateis_casa_forno_e_cafe,2018,4,15,932.0653333333333,7.0
portateis_casa_forno_e_cafe,2018,5,9,1129.0666666666666,15.0
portateis_casa_forno_e_cafe,2018,6,3,1166.3333333333333,9.0
portateis_casa_forno_e_cafe,2018,7,15,313.3113333333333,3.0
portateis_casa_forno_e_cafe,2018,8,17,176.27764705882353,15.0
portateis_cozinha_e_preparadores_de_alimentos,2018,5,2,979.0,5.0
portateis_cozinha_e_preparadores_de_alimentos,2018,7,7,22.071428571428573,2.0
portateis_cozinha_e_preparadores_de_alimentos,2018,8,5,367.7,7.0
relogios_presentes,2016,10,5,672.048,300.0
relogios_presentes,2017,1,11,735.1381818181818,5.0
relogios_presentes,2017,2,36,323.09027777777777,11.0
relogios_presentes,2017,3,79,338.0048101265823,36.0
relogios_presentes,2017,4,91,256.1163736263736,79.0
relogios_presentes,2017,5,129,285.9031007751938,91.0
relogios_presentes,2017,6,123,235.1189430894309,129.0
relogios_presentes,2017,7,163,224.07711656441717,123.0
relogios_presentes,2017,8,202,178.14534653465347,163.0
relogios_presentes,2017,9,262,176.53053435114504,202.0
relogios_presentes,2017,10,300,216.80576666666667,262.0
relogios_presentes,2017,11,448,214.9739732142857,300.0
relogios_presentes,2017,12,359,197.65910863509748,448.0
relogios_presentes,2018,1,351,208.93800569800572,359.0
relogios_presentes,2018,2,322,193.81214285714287,351.0
relogios_presentes,2018,3,422,229.7324170616114,322.0
relogios_presentes,2018,4,489,185.35597137014315,422.0
relogios_presentes,2018,5,610,199.17424590163932,489.0
relogios_presentes,2018,6,463,183.99343412527,610.0
relogios_presentes,2018,7,523,183.07588910133845,463.0
relogios_presentes,2018,8,411,174.72114355231145,523.0
seguros_e_servicos,2017,1,1,183.29,1.0
seguros_e_servicos,2017,9,1,100.0,1.0
sinalizacao_e_seguranca,2017,3,1,75.0,5.5
sinalizacao_e_seguranca,2017,4,3,42.68666666666667,1.0
sinalizacao_e_seguranca,2017,5,3,98.28333333333335,3.0
sinalizacao_e_seguranca,2017,6,2,136.95,3.0
sinalizacao_e_seguranca,2017,7,5,79.238,2.0
sinalizacao_e_seguranca,2017,8,4,94.45,5.0
sinalizacao_e_seguranca,2017,9,5,80.08,4.0
sinalizacao_e_seguranca,2017,10,7,104.35714285714286,5.0
sinalizacao_e_seguranca,2017,11,3,120.26333333333332,7.0
sinalizacao_e_seguranca,2017,12,2,385.0,3.0
sinalizacao_e_seguranca,2018,1,7,119.82714285714285,2.0
sinalizacao_e_seguranca,2018,2,10,56.07899999999999,7.0
sinalizacao_e_seguranca,2018,3,7,116.70142857142856,10.0
sinalizacao_e_seguranca,2018,4,23,84.35739130434783,7.0
sinalizacao_e_seguranca,2018,5,6,88.93333333333334,23.0
sinalizacao_e_seguranca,2018,6,19,180.14105263157893,6.0
sinalizacao_e_seguranca,2018,7,20,121.02449999999999,19.0
sinalizacao_e_seguranca,2018,8,16,92.87625,20.0
tablets_impressao_imagem,2017,2,8,99.0,5.0
tablets_impressao_imagem,2017,3,5,99.0,8.0
tablets_impressao_imagem,2017,4,9,101.65333333333334,5.0
tablets_impressao_imagem,2017,5,7,216.4257142857143,9.0
tablets_impressao_imagem,2017,6,6,99.0,7.0
tablets_impressao_imagem,2017,7,2,99.0,6.0
tablets_impressao_imagem,2017,8,6,75.14833333333333,2.0
tablets_impressao_imagem,2017,9,3,77.96666666666667,6.0
tablets_impressao_imagem,2017,10,1,99.0,3.0
tablets_impressao_imagem,2017,11,6,58.400000000000006,1.0
tablets_impressao_imagem,2017,12,6,69.9,6.0
tablets_impressao_imagem,2018,1,3,53.93333333333334,6.0
tablets_impressao_imagem,2018,2,12,53.33916666666667,3.0
tablets_impressao_imagem,2018,3,2,78.19500000000001,12.0
tablets_impressao_imagem,2018,4,1,52.0,2.0
tablets_impressao_imagem,2018,5,1,49.9,1.0
tablets_impressao_imagem,2018,6,1,50.0,1.0
telefonia,2016,9,1,59.5,209.5
telefonia,2016,10,9,51.13111111111111,1.0
telefonia,2017,1,23,121.3208695652174,9.0
telefonia,2017,2,101,60.48960396039604,23.0
telefonia,2017,3,164,47.28841463414634,101.0
telefonia,2017,4,143,48.22993006993007,164.0
telefonia,2017,5,212,41.907452830188674,143.0
telefonia,2017,6,152,43.46631578947368,212.0
telefonia,2017,7,141,63.750921985815594,152.0
telefonia,2017,8,131,81.34664122137404,141.0
telefonia,2017,9,165,104.18896969696969,131.0
telefonia,2017,10,235,89.78604255319149,165.0
telefonia,2017,11,359,66.99941504178273,235.0
telefonia,2017,12,253,49.670988142292494,359.0
telefonia,2018,1,361,40.37523545706371,253.0
telefonia,2018,2,338,39.738579881656804,361.0
telefonia,2018,3,331,75.94374622356496,338.0
telefonia,2018,4,254,61.72232283464567,331.0
telefonia,2018,5,245,86.9911836734694,254.0
telefonia,2018,6,208,106.10360576923077,245.0
telefonia,2018,7,211,121.27535545023696,208.0
telefonia,2018,8,250,132.72852,211.0
telefonia_fixa,2016,10,5,140.976,10.0
telefonia_fixa,2017,1,19,32.112631578947365,5.0
telefonia_fixa,2017,2,18,33.29277777777778,19.0
telefonia_fixa,2017,3,15,64.56066666666666,18.0
telefonia_fixa,2017,4,7,143.4757142857143,15.0
telefonia_fixa,2017,5,10,46.233000000000004,7.0
telefonia_fixa,2017,6,12,77.80583333333334,10.0
telefonia_fixa,2017,7,8,24.978749999999998,12.0
telefonia_fixa,2017,8,14,215.97428571428574,8.0
telefonia_fixa,2017,9,6,322.1516666666667,14.0
telefonia_fixa,2017,10,6,602.1466666666666,6.0
telefonia_fixa,2017,11,5,188.796,6.0
telefonia_fixa,2017,12,5,199.754,5.0
telefonia_fixa,2018,1,10,244.41,5.0
telefonia_fixa,2018,2,10,445.77700000000004,10.0
telefonia_fixa,2018,3,12,129.5575,10.0
telefonia_fixa,2018,4,10,165.44400000000002,12.0
telefonia_fixa,2018,5,12,110.09166666666665,10.0
telefonia_fixa,2018,6,15,115.56133333333334,12.0
telefonia_fixa,2018,7,8,493.67375,15.0
telefonia_fixa,2018,8,10,272.41700000000003,8.0
unknown,2016,10,2,32.945,62.0
unknown,2017,1,11,151.28272727272727,2.0
unknown,2017,2,52,171.91923076923075,11.0
unknown,2017,3,57,114.17315789473685,52.0
unknown,2017,4,64,126.4821875,57.0
unknown,2017,5,87,121.9135632183908,64.0
unknown,2017,6,55,90.478,87.0
unknown,2017,7,56,52.361785714285716,55.0
unknown,2017,8,68,71.04426470588236,56.0
unknown,2017,9,62,81.31370967741935,68.0
unknown,2017,10,64,278.21078125,62.0
unknown,2017,11,115,118.73208695652174,64.0
unknown,2017,12,137,115.17978102189781,115.0
unknown,2018,1,185,113.124,137.0
unknown,2018,2,110,107.666,185.0
unknown,2018,3,128,127.36046875,110.0
unknown,2018,4,74,108.79594594594595,128.0
unknown,2018,5,38,78.55,74.0
unknown,2018,6,22,107.83318181818181,38.0
unknown,2018,7,43,103.87697674418605,22.0
unknown,2018,8,30,78.52133333333333,43.0
utilidades_domesticas,2016,10,9,96.37444444444446,269.0
utilidades_domesticas,2017,1,23,110.81565217391304,9.0
utilidades_domesticas,2017,2,70,173.17385714285714,23.0
utilidades_domesticas,2017,3,181,66.69458563535912,70.0
utilidades_domesticas,2017,4,147,93.52591836734693,181.0
utilidades_domesticas,2017,5,269,70.63457249070632,147.0
utilidades_domesticas,2017,6,295,71.69847457627118,269.0
utilidades_domesticas,2017,7,236,80.36220338983051,295.0
utilidades_domesticas,2017,8,256,86.734765625,236.0
utilidades_domesticas,2017,9,229,84.0825327510917,256.0
utilidades_domesticas,2017,10,194,74.46257731958762,229.0
utilidades_domesticas,2017,11,360,85.00169444444444,194.0
utilidades_domesticas,2017,12,256,93.3365234375,360.0
utilidades_domesticas,2018,1,324,107.32870370370371,256.0
utilidades_domesticas,2018,2,345,94.74721739130435,324.0
utilidades_domesticas,2018,3,344,96.93162790697676,345.0
utilidades_domesticas,2018,4,428,99.1847429906542,344.0
utilidades_domesticas,2018,5,504,105.54232142857143,428.0
utilidades_domesticas,2018,6,486,108.04816872427985,504.0
utilidades_domesticas,2018,7,492,115.97258130081302,486.0
utilidades_domesticas,2018,8,571,99.74035026269702,492.0
